id,name,age
1,John Smith,25
2,Jane Doe,30
3,Robert Brown,28
4,Lisa White,32
5,Michael Johnson,22
6,Emily Davis,29
7,David Wilson,35
8,Sarah Taylor,27
9,James Moore,31
10,Linda Jackson,24
11,Daniel Harris,33
12,Amy Martin,26
13,Thomas Thompson,34
14,Jessica Garcia,23
15,Matthew Martinez,36
16,Ashley Robinson,28
17,Christopher Clark,30
18,Amanda Rodriguez,25
19,Joshua Lewis,27
20,Nicole Lee,32
21,Andrew Walker,31
22,Rebecca Hall,29
23,Justin Allen,24
24,Stephanie Young,26
25,Ryan Hernandez,35
26,Megan King,33
27,Brandon Wright,30
28,Karen Lopez,27
29,Nicholas Hill,31
30,Emily Scott,22
31,Jacob Green,28
32,Rachel Adams,34
33,Anthony Baker,25
34,Kimberly Gonzalez,29
35,Jonathan Nelson,32
36,Melissa Carter,30
37,Aaron Mitchell,26
38,Laura Perez,33
39,Kevin Roberts,27
40,Christina Turner,35
41,Jason Phillips,24
42,Brittany Campbell,31
43,Brian Parker,28
44,Samantha Evans,30
45,Eric Edwards,29
46,Angela Collins,34
47,Adam Stewart,23
48,Michelle Sanchez,26
49,Justin Morris,35
50,Karen Rogers,32
51,Kyle Reed,27
52,Hannah Cook,28
53,Sean Morgan,31
54,Katherine Bell,25
55,Benjamin Murphy,33
56,Tiffany Bailey,30
57,Nathan Rivera,22
58,Victoria Cooper,29
59,Patrick Richardson,34
60,Natalie Cox,26
61,Zachary Howard,28
62,Christina Ward,31
63,Tyler Torres,25
64,Alyssa Peterson,27
65,Cameron Gray,30
66,Emma Ramirez,32
67,Dylan James,33
68,Madison Watson,24
69,Christian Brooks,26
70,Savannah Kelly,35
71,Jordan Sanders,28
72,Hailey Price,29
73,Ethan Bennett,30
74,Abigail Wood,27
75,Connor Barnes,31
76,Grace Ross,23
77,Owen Henderson,34
78,Brooklyn Coleman,26
79,Caleb Jenkins,25
80,Lillian Perry,28
81,Jack Powell,30
82,Zoe Long,29
83,Aiden Patterson,27
84,Chloe Hughes,32
85,Isaac Flores,24
86,Stella Washington,26
87,Evan Butler,35
88,Nora Simmons,33
89,Luke Foster,28
90,Audrey Gonzales,29
91,Henry Bryant,31
92,Ellie Alexander,25
93,Levi Russell,34
94,Lucy Griffin,26
95,Gabriel Diaz,27
96,Aria Hayes,30
97,Logan Myers,28
98,Layla Ford,32
99,Jayden Hamilton,29
100,Skylar Graham,31
